[
	{
		"id": 1,
		"name": "Must have",
		"image": "http://localhost/apps_admin/phamarcy/img/6.png"
		
	},
	{
		"id": 2,
		"name": "Accessories",
		"image": "http://localhost/apps_admin/phamarcy/img/1.png"
	},
	{
		"id": 3,
		"name": "Baby & Child",
		"image": "http://localhost/apps_admin/phamarcy/img/2.png"
	},
	{
		"id": 4,
		"name": "Elderly Care",
		"image": "http://localhost/apps_admin/phamarcy/img/3.png"
	},
	{
		"id": 5,
		"name": "Personal Care",
		"image": "http://localhost/apps_admin/phamarcy/img/4.png"
	},
	{
		"id": 6,
		"name": "Sports Health",
		"image": "http://localhost/apps_admin/phamarcy/img/5.png"
	}
]